DATE,HOUR,INVAGE,STREET2,STREET1,ALCOHOL,INJURY,.fitted
2006-01-01,3,22,WEST LYNN AVE,DANFORTH AVE,0,None,2.2204460492503126e-16
2006-01-04,19,27,SYLVAN AVE,DUFFERIN ST,0,None,2.2204460492503126e-16
2006-01-04,19,77,SYLVAN AVE,DUFFERIN ST,0,Major,2.2204460492503126e-16
2006-01-06,22,52,LEITH HILL RD,DON MILLS RD,0,None,2.2204460492503126e-16
2006-01-07,23,52,NINTH LINE ST,STEELES AVE E,0,Fatal,2.2204460492503126e-16
2006-01-07,23,37,NINTH LINE ST,STEELES AVE E,0,Major,2.2204460492503126e-16
2006-01-08,15,42,FRONT ST E,PARLIAMENT ST,0,Minimal,2.2204460492503126e-16
2006-01-08,15,47,FRONT ST E,PARLIAMENT ST,0,Major,2.2204460492503126e-16
2006-01-08,18,22,GOLFDOWN DR,ISLINGTON AVE,0,None,2.2204460492503126e-16
2006-01-08,18,22,GOLFDOWN DR,ISLINGTON AVE,0,None,2.2204460492503126e-16
2006-01-08,18,12,GOLFDOWN DR,ISLINGTON AVE,0,None,2.2204460492503126e-16
2006-01-08,18,22,GOLFDOWN DR,ISLINGTON AVE,0,None,2.2204460492503126e-16
2006-01-08,18,12,GOLFDOWN DR,ISLINGTON AVE,0,Fatal,2.2204460492503126e-16
2006-01-09,14,52,GLAMORGAN AVE,KENNEDY RD,0,None,2.2204460492503126e-16
2006-01-09,14,77,GLAMORGAN AVE,KENNEDY RD,0,Fatal,2.2204460492503126e-16
2006-01-09,18,57,MIDDLEFIELD RD,FINCH AVE E,0,None,2.2204460492503126e-16
2006-01-10,8,82,GULLY DR,BRIMLEY RD,0,Minor,2.2204460492503126e-16
2006-01-10,8,57,GULLY DR,BRIMLEY RD,0,Major,2.2204460492503126e-16
2006-01-11,11,17,JINNAH CRT,BARTLEY DR,0,Minimal,2.2204460492503126e-16
2006-01-11,11,17,JINNAH CRT,BARTLEY DR,0,Minimal,2.2204460492503126e-16
2006-01-11,11,17,JINNAH CRT,BARTLEY DR,0,Fatal,2.2204460492503126e-16
2006-01-11,11,17,JINNAH CRT,BARTLEY DR,0,Major,2.2204460492503126e-16
2006-01-14,9,42,CORONADO CRT,WESTON RD,0,None,2.2204460492503126e-16
2006-01-14,9,82,CORONADO CRT,WESTON RD,0,Major,2.2204460492503126e-16
2006-01-14,20,22,BRAEMAR AVE,EGLINTON AVE W,0,None,2.2204460492503126e-16
2006-01-14,20,27,BRAEMAR AVE,EGLINTON AVE W,0,Major,2.2204460492503126e-16
2006-01-17,19,42,SENLAC RD,SHEPPARD AVE W,0,None,2.2204460492503126e-16
2006-01-17,19,57,SENLAC RD,SHEPPARD AVE W,0,Major,2.2204460492503126e-16
2006-01-17,22,57,COLLINSGROVE RD,LAWRENCE AVE E,0,None,2.2204460492503126e-16
2006-01-17,22,62,COLLINSGROVE RD,LAWRENCE AVE E,0,Major,2.2204460492503126e-16
2006-01-17,23,37,BURRELL AVE,KING EDWARD AVE,0,None,2.2204460492503126e-16
2006-01-17,23,42,BURRELL AVE,KING EDWARD AVE,0,Major,2.2204460492503126e-16
2006-01-21,18,27,GOODLAND GT,MIDLAND AVE,0,None,2.2204460492503126e-16
2006-01-21,18,42,GOODLAND GT,MIDLAND AVE,0,Major,2.2204460492503126e-16
2006-01-21,18,52,GOODLAND GT,MIDLAND AVE,0,Fatal,2.2204460492503126e-16
2006-01-22,18,87,CUMBERLAND ST,YONGE ST,0,Major,2.2204460492503126e-16
2006-01-22,18,52,CUMBERLAND ST,YONGE ST,0,None,2.2204460492503126e-16
2006-01-24,1,37,LAWRENCE AVE E,WARDEN AVE,0,Major,2.2204460492503126e-16
2006-01-24,1,42,LAWRENCE AVE E,WARDEN AVE,0,None,2.2204460492503126e-16
2006-01-24,1,37,LAWRENCE AVE E,WARDEN AVE,0,Fatal,2.2204460492503126e-16
2006-01-24,7,12,BRAYMORE BLVD,DEAN PARK RD,0,None,2.2204460492503126e-16
2006-01-24,7,42,BRAYMORE BLVD,DEAN PARK RD,0,None,2.2204460492503126e-16
2006-01-24,7,77,BRAYMORE BLVD,DEAN PARK RD,0,Fatal,2.2204460492503126e-16
2006-01-24,22,17,WHITEHALL RD,MOUNT PLEASANT RD,0,Minimal,2.2204460492503126e-16
2006-01-24,22,17,WHITEHALL RD,MOUNT PLEASANT RD,0,None,2.2204460492503126e-16
2006-01-24,22,47,WHITEHALL RD,MOUNT PLEASANT RD,0,Fatal,2.2204460492503126e-16
2006-01-24,22,17,WHITEHALL RD,MOUNT PLEASANT RD,0,Minimal,2.2204460492503126e-16
2006-01-27,20,22,CHRISTIE ST,BLOOR ST W,0,None,2.2204460492503126e-16
2006-01-27,20,22,CHRISTIE ST,BLOOR ST W,0,None,2.2204460492503126e-16
2006-01-27,20,22,CHRISTIE ST,BLOOR ST W,0,Major,2.2204460492503126e-16
2006-01-27,23,22,BEECROFT RD,NORTH YORK BLVD,0,Major,2.2204460492503126e-16
2006-01-27,23,22,BEECROFT RD,NORTH YORK BLVD,0,Minor,2.2204460492503126e-16
2006-01-29,21,42,SPADINA RD,ST CLAIR AVE W,0,None,2.2204460492503126e-16
2006-01-29,21,67,SPADINA RD,ST CLAIR AVE W,0,Major,2.2204460492503126e-16
2006-02-02,14,52,NASSAU ST,SPADINA AVE,0,Major,2.2204460492503126e-16
2006-02-02,14,52,NASSAU ST,SPADINA AVE,0,Major,2.2204460492503126e-16
2006-02-02,14,42,NASSAU ST,SPADINA AVE,0,None,2.2204460492503126e-16
2006-02-03,7,72,L AMOREAUX DR,BIRCHMOUNT RD,0,None,2.2204460492503126e-16
2006-02-03,7,17,L AMOREAUX DR,BIRCHMOUNT RD,0,Major,2.2204460492503126e-16
2006-07-18,10,52,LORD SEATON RD,YONGE ST,0,Major,2.2204460492503126e-16
2006-07-18,10,47,LORD SEATON RD,YONGE ST,0,None,2.2204460492503126e-16
2006-07-19,22,22,LANSDOWNE AVE,BLOOR ST W,0,None,2.2204460492503126e-16
2006-07-19,22,47,LANSDOWNE AVE,BLOOR ST W,0,Fatal,2.2204460492503126e-16
2006-07-20,16,42,LLOYD MANOR RD,EGLINTON AVE W,0,Major,2.2204460492503126e-16
2006-07-20,17,32,BROOKSIDE AVE,ST MARKS RD,0,Major,2.2204460492503126e-16
2006-07-20,17,32,BROOKSIDE AVE,ST MARKS RD,0,None,2.2204460492503126e-16
2006-07-22,6,52,PARLIAMENT ST,RICHMOND ST E,0,Major,2.2204460492503126e-16
2006-07-22,6,42,PARLIAMENT ST,RICHMOND ST E,0,None,2.2204460492503126e-16
2006-07-23,13,37,BISCAYNE BLVD,VICTORIA PARK AVE,0,None,2.2204460492503126e-16
2006-07-23,13,72,BISCAYNE BLVD,VICTORIA PARK AVE,0,Fatal,2.2204460492503126e-16
2006-07-24,13,32,JAMESON LAKESHORE RAMP,LAKE SHORE BLVD W,0,Major,2.2204460492503126e-16
2006-07-24,14,37,ALNESS ST,STEELES AVE W,0,None,2.2204460492503126e-16
2006-07-24,14,17,ALNESS ST,STEELES AVE W,0,None,2.2204460492503126e-16
2006-07-24,14,22,ALNESS ST,STEELES AVE W,0,Minor,2.2204460492503126e-16
2006-07-24,14,62,ALNESS ST,STEELES AVE W,0,Major,2.2204460492503126e-16
2006-07-26,21,22,ARMEL CRT,ALBION RD,0,Major,2.2204460492503126e-16
2006-07-26,21,62,ARMEL CRT,ALBION RD,0,Minor,2.2204460492503126e-16
2006-07-26,21,67,ARMEL CRT,ALBION RD,0,Minor,2.2204460492503126e-16
2006-07-28,16,7,DIXON RD,ISLINGTON AVE,0,None,2.2204460492503126e-16
2006-07-28,16,37,DIXON RD,ISLINGTON AVE,0,None,2.2204460492503126e-16
2006-07-28,16,22,DIXON RD,ISLINGTON AVE,0,Fatal,2.2204460492503126e-16
2006-07-30,7,22,JANE ST,LAWRENCE AVE W,0,None,2.2204460492503126e-16
2006-07-30,7,82,JANE ST,LAWRENCE AVE W,0,Major,2.2204460492503126e-16
2006-07-30,14,47,MCNICOLL AVE,DON MILLS RD,0,Major,2.2204460492503126e-16
2006-07-30,14,47,MCNICOLL AVE,DON MILLS RD,0,Minimal,2.2204460492503126e-16
2006-07-30,14,37,MCNICOLL AVE,DON MILLS RD,0,None,2.2204460492503126e-16
2006-07-31,6,32,BRAHMS AVE,FINCH AVE E,0,None,2.2204460492503126e-16
2006-07-31,6,17,BRAHMS AVE,FINCH AVE E,0,Major,2.2204460492503126e-16
2006-07-31,6,32,BRAHMS AVE,FINCH AVE E,0,None,2.2204460492503126e-16
2006-07-31,14,42,KENNEDY AVE,BLOOR ST W,0,None,2.2204460492503126e-16
2006-07-31,14,12,KENNEDY AVE,BLOOR ST W,0,Major,2.2204460492503126e-16
2006-07-31,16,32,KING ST W,BAY ST,0,Major,2.2204460492503126e-16
2006-08-01,18,72,KIPLING AVE,HENLEY CRES,0,None,2.2204460492503126e-16
2006-08-01,18,62,KIPLING AVE,HENLEY CRES,0,Major,2.2204460492503126e-16
2006-08-01,23,52,WICKSON TRL,NEILSON RD,0,Minor,2.2204460492503126e-16
2006-08-01,23,32,WICKSON TRL,NEILSON RD,0,Fatal,2.2204460492503126e-16
2006-08-03,1,52,FOXWELL ST,JANE ST,0,Fatal,2.2204460492503126e-16
2006-08-03,1,42,FOXWELL ST,JANE ST,0,None,2.2204460492503126e-16
2006-08-03,3,27,LAWRENCE AVE E,MIDLAND AVE,0,None,2.2204460492503126e-16
2006-08-03,3,27,LAWRENCE AVE E,MIDLAND AVE,0,None,2.2204460492503126e-16
2006-08-03,3,37,LAWRENCE AVE E,MIDLAND AVE,0,None,2.2204460492503126e-16
2006-08-03,3,47,LAWRENCE AVE E,MIDLAND AVE,0,Minimal,2.2204460492503126e-16
2006-08-03,3,52,LAWRENCE AVE E,MIDLAND AVE,0,Major,2.2204460492503126e-16
2010-07-18,1,17,DAPHNE RD,GREENCEDAR CRCT,0,Fatal,2.2204460492503126e-16
2006-08-03,3,37,LAWRENCE AVE E,MIDLAND AVE,0,Major,2.2204460492503126e-16
2006-08-03,18,57,DORIS AVE,SHEPPARD AVE E,0,None,2.2204460492503126e-16
2006-08-03,18,62,DORIS AVE,SHEPPARD AVE E,0,None,2.2204460492503126e-16
2006-08-03,18,42,DORIS AVE,SHEPPARD AVE E,0,None,2.2204460492503126e-16
2006-08-03,18,47,DORIS AVE,SHEPPARD AVE E,0,Major,2.2204460492503126e-16
2006-08-05,6,22,DUNNING CRES,WESTHEAD RD,0,None,2.2204460492503126e-16
2006-08-05,6,17,DUNNING CRES,WESTHEAD RD,0,Minor,2.2204460492503126e-16
2006-08-05,6,17,DUNNING CRES,WESTHEAD RD,0,Minor,2.2204460492503126e-16
2006-08-05,6,17,DUNNING CRES,WESTHEAD RD,0,Major,2.2204460492503126e-16
2006-08-05,6,17,DUNNING CRES,WESTHEAD RD,0,Major,2.2204460492503126e-16
2006-08-06,2,22,SOUTH DR,MOUNT PLEASANT RD,0,None,2.2204460492503126e-16
2006-08-06,2,27,SOUTH DR,MOUNT PLEASANT RD,0,Major,2.2204460492503126e-16
2006-02-26,1,17,DUNDAS ST W,LANSDOWNE AVE,0,Major,2.2204460492503126e-16
2006-08-06,21,47,LUTTRELL AVE,DANFORTH AVE,0,Major,2.2204460492503126e-16
2006-08-07,21,72,KISKADEE DR,FINCH AVE W,0,Major,2.2204460492503126e-16
2006-02-03,9,52,BIRCHMOUNT RD,ELLESMERE RD,0,None,2.2204460492503126e-16
2006-02-03,9,67,BIRCHMOUNT RD,ELLESMERE RD,0,Major,2.2204460492503126e-16
2006-02-07,13,52,BRADLEY AVE,JANE ST,0,None,2.2204460492503126e-16
2006-02-07,13,82,BRADLEY AVE,JANE ST,0,Major,2.2204460492503126e-16
2006-02-08,7,32,RUNNYMEDE RD,WOODSIDE AVE,0,None,2.2204460492503126e-16
2006-02-08,7,52,RUNNYMEDE RD,WOODSIDE AVE,0,Major,2.2204460492503126e-16
2006-02-08,15,52,DIXON RD,CARLINGVIEW DR,0,None,2.2204460492503126e-16
2006-02-08,15,82,DIXON RD,CARLINGVIEW DR,0,Major,2.2204460492503126e-16
2006-02-11,18,67,CASSANDRA BLVD,UNDERHILL DR,0,None,2.2204460492503126e-16
2006-02-11,18,22,CASSANDRA BLVD,UNDERHILL DR,0,Major,2.2204460492503126e-16
2006-02-12,8,52,CANNING AVE,PAPE AVE,0,Major,2.2204460492503126e-16
2006-02-12,8,47,CANNING AVE,PAPE AVE,0,Minimal,2.2204460492503126e-16
2006-02-13,9,57,TIAGO AVE,GLENBURN AVE,0,Major,2.2204460492503126e-16
2006-02-13,9,72,TIAGO AVE,GLENBURN AVE,0,None,2.2204460492503126e-16
2006-02-14,5,42,BLACK CREEK DR,EGLINTON AVE W,0,None,2.2204460492503126e-16
2006-02-14,5,42,BLACK CREEK DR,EGLINTON AVE W,0,Minor,2.2204460492503126e-16
2006-02-14,5,57,BLACK CREEK DR,EGLINTON AVE W,0,Major,2.2204460492503126e-16
2006-02-14,5,37,BLACK CREEK DR,EGLINTON AVE W,0,Minor,2.2204460492503126e-16
2006-02-14,5,27,BLACK CREEK DR,EGLINTON AVE W,0,Major,2.2204460492503126e-16
2006-02-15,9,72,WOODYCREST AVE,WESTWOOD AVE,0,Fatal,2.2204460492503126e-16
2006-02-16,21,52,NORTHUMBERLAND ST,DOVERCOURT RD,0,None,2.2204460492503126e-16
2006-02-16,21,42,NORTHUMBERLAND ST,DOVERCOURT RD,0,Major,2.2204460492503126e-16
2006-02-19,15,47,SUTHERLAND DR,EGLINTON AVE E,0,None,2.2204460492503126e-16
2006-02-19,15,22,SUTHERLAND DR,EGLINTON AVE E,0,Major,2.2204460492503126e-16
2006-02-20,18,42,MCLEVIN AVE,NEILSON RD,0,None,2.2204460492503126e-16
2006-02-20,18,82,MCLEVIN AVE,NEILSON RD,0,Fatal,2.2204460492503126e-16
2006-02-21,18,57,ALLINGHAM GDNS,BATHURST ST,0,None,2.2204460492503126e-16
2006-02-21,18,77,ALLINGHAM GDNS,BATHURST ST,0,Major,2.2204460492503126e-16
2006-02-23,7,22,427 C S DUNDAS RAMP S,DUNDAS ST W,0,None,2.2204460492503126e-16
2006-02-23,7,27,427 C S DUNDAS RAMP S,DUNDAS ST W,0,Major,2.2204460492503126e-16
2006-02-23,13,77,BATHURST ST,ARDMORE RD,0,Major,2.2204460492503126e-16
2006-02-23,13,42,BATHURST ST,ARDMORE RD,0,None,2.2204460492503126e-16
2006-02-24,8,37,RENFORTH DR,EGLINTON AVE W,0,None,2.2204460492503126e-16
2006-02-24,8,42,RENFORTH DR,EGLINTON AVE W,0,Major,2.2204460492503126e-16
2006-02-25,15,52,ELGIN AVE,AVENUE RD,0,None,2.2204460492503126e-16
2006-02-25,15,57,ELGIN AVE,AVENUE RD,0,Major,2.2204460492503126e-16
2006-02-26,1,22,DUNDAS ST W,LANSDOWNE AVE,0,Minimal,2.2204460492503126e-16
2006-02-26,4,17,EASTERN DIVERSION AVE,ADELAIDE ST E,0,Major,2.2204460492503126e-16
2006-02-26,4,17,EASTERN DIVERSION AVE,ADELAIDE ST E,0,Major,2.2204460492503126e-16
2006-02-26,4,17,EASTERN DIVERSION AVE,ADELAIDE ST E,0,Major,2.2204460492503126e-16
2006-02-26,4,17,EASTERN DIVERSION AVE,ADELAIDE ST E,0,Major,2.2204460492503126e-16
2006-02-26,4,17,EASTERN DIVERSION AVE,ADELAIDE ST E,0,Major,2.2204460492503126e-16
2006-02-27,5,27,RACINE RD,MARTIN GROVE RD,0,None,2.2204460492503126e-16
2006-02-27,5,32,RACINE RD,MARTIN GROVE RD,0,Fatal,2.2204460492503126e-16
2006-02-27,17,32,BOULTON AVE,QUEEN ST E,0,None,2.2204460492503126e-16
2006-02-27,17,62,BOULTON AVE,QUEEN ST E,0,Major,2.2204460492503126e-16
2006-02-27,19,37,KINGSTON RD,MORNINGSIDE AVE,0,None,2.2204460492503126e-16
2006-02-27,19,27,KINGSTON RD,MORNINGSIDE AVE,0,Major,2.2204460492503126e-16
2006-02-28,17,57,EGLINTON AVE W,RENFORTH DR,0,Major,2.2204460492503126e-16
2006-03-01,11,37,LOGAN AVE,COSBURN AVE,0,None,2.2204460492503126e-16
2006-03-01,11,82,LOGAN AVE,COSBURN AVE,0,Major,2.2204460492503126e-16
2006-03-06,18,32,RIPLEY AVE,SOUTH KINGSWAY,0,None,2.2204460492503126e-16
2006-03-06,18,47,RIPLEY AVE,SOUTH KINGSWAY,0,Major,2.2204460492503126e-16
2006-05-06,18,42,WILSON AVE,YONGE ST,0,Minor,2.2204460492503126e-16
2006-05-06,18,27,WILSON AVE,YONGE ST,0,Minor,2.2204460492503126e-16
2006-05-06,18,92,WILSON AVE,YONGE ST,0,Major,2.2204460492503126e-16
2006-05-06,23,52,BROWNSPRING RD,SHEPPARD AVE E,0,None,2.2204460492503126e-16
2006-05-06,23,57,BROWNSPRING RD,SHEPPARD AVE E,0,Major,2.2204460492503126e-16
2006-05-07,14,57,THE KINGSWAY,EDENBRIDGE DR,0,Minor,2.2204460492503126e-16
2006-05-07,14,67,THE KINGSWAY,EDENBRIDGE DR,0,Major,2.2204460492503126e-16
2006-05-08,19,32,BLOOR ST W,MANNING AVE,0,Major,2.2204460492503126e-16
2006-05-08,19,57,FORMAN AVE,EGLINTON AVE E,0,Major,2.2204460492503126e-16
2006-05-08,19,57,FORMAN AVE,EGLINTON AVE E,0,None,2.2204460492503126e-16
2006-05-09,7,67,MORGAN AVE,THE QUEENSWAY,0,Major,2.2204460492503126e-16
2006-05-09,7,32,MORGAN AVE,THE QUEENSWAY,0,Minor,2.2204460492503126e-16
2006-05-09,7,37,MORGAN AVE,THE QUEENSWAY,0,None,2.2204460492503126e-16
2006-05-09,16,27,SOUTH KINGSWAY,BLOOR ST W,0,Major,2.2204460492503126e-16
2006-05-09,16,17,SOUTH KINGSWAY,BLOOR ST W,0,None,2.2204460492503126e-16
2006-05-11,6,47,PLUG HAT RD,MEADOWVALE RD,0,Major,2.2204460492503126e-16
2006-05-11,6,52,PLUG HAT RD,MEADOWVALE RD,0,Major,2.2204460492503126e-16
2006-05-11,7,27,DELISLE AVE,YONGE ST,0,Major,2.2204460492503126e-16
2006-05-11,7,27,DELISLE AVE,YONGE ST,0,None,2.2204460492503126e-16
2006-05-11,15,82,LOUISE AVE,VAUGHAN RD,0,Major,2.2204460492503126e-16
2006-05-11,15,82,LOUISE AVE,VAUGHAN RD,0,None,2.2204460492503126e-16
2006-05-11,17,17,ELROSE AVE,WILSON AVE,0,None,2.2204460492503126e-16
2006-05-11,17,57,ELROSE AVE,WILSON AVE,0,Major,2.2204460492503126e-16
2006-05-13,12,47,CUMBERLAND ST,BAY ST,0,None,2.2204460492503126e-16
2006-05-13,12,57,CUMBERLAND ST,BAY ST,0,Major,2.2204460492503126e-16
2006-05-13,20,37,MURRAY ST,ELM ST,0,Major,2.2204460492503126e-16
2006-05-14,5,22,SENTINEL RD,FINCH AVE W,0,None,2.2204460492503126e-16
2006-05-14,5,32,SENTINEL RD,FINCH AVE W,0,None,2.2204460492503126e-16
2006-05-14,5,27,SENTINEL RD,FINCH AVE W,0,Major,2.2204460492503126e-16
2006-05-17,11,52,VIRGILWOOD DR,FINCH AVE W,0,None,2.2204460492503126e-16
2006-05-17,11,17,VIRGILWOOD DR,FINCH AVE W,0,Major,2.2204460492503126e-16
2006-05-17,18,32,SENTINEL RD,STILECROFT DR,0,None,2.2204460492503126e-16
2006-05-17,18,2,SENTINEL RD,STILECROFT DR,0,Fatal,2.2204460492503126e-16
2006-05-19,11,67,TALBOT ST,LAUGHTON AVE,0,Major,2.2204460492503126e-16
2006-05-19,11,42,TALBOT ST,LAUGHTON AVE,0,Major,2.2204460492503126e-16
2006-05-19,11,27,TALBOT ST,LAUGHTON AVE,0,Major,2.2204460492503126e-16
2006-05-20,1,17,GERRARD ST E,WOODBINE AVE,0,None,2.2204460492503126e-16
2006-05-20,1,27,GERRARD ST E,WOODBINE AVE,0,None,2.2204460492503126e-16
2006-05-20,1,22,GERRARD ST E,WOODBINE AVE,0,None,2.2204460492503126e-16
2006-05-20,1,22,GERRARD ST E,WOODBINE AVE,0,Major,2.2204460492503126e-16
2006-05-21,10,52,BERGAMOT AVE,REXDALE BLVD,0,None,2.2204460492503126e-16
2006-05-21,10,17,BERGAMOT AVE,REXDALE BLVD,0,Major,2.2204460492503126e-16
2006-05-21,10,47,BERGAMOT AVE,REXDALE BLVD,0,None,2.2204460492503126e-16
2006-05-23,18,42,GLENCAIRN AVE,BATHURST ST,0,None,2.2204460492503126e-16
2006-05-23,18,42,GLENCAIRN AVE,BATHURST ST,0,Fatal,2.2204460492503126e-16
2006-05-24,6,47,CONVAIR DR,RENFORTH DR,0,Minor,2.2204460492503126e-16
2006-05-24,6,22,CONVAIR DR,RENFORTH DR,0,Major,2.2204460492503126e-16
2006-05-25,22,47,ROSEHILL AVE,YONGE ST,0,Major,2.2204460492503126e-16
2006-05-25,22,42,ROSEHILL AVE,YONGE ST,0,None,2.2204460492503126e-16
2006-05-26,22,42,DAVENPORT RD,BATHURST ST,0,Major,2.2204460492503126e-16
2006-05-29,21,32,LORD SEATON RD,YONGE ST,0,Major,2.2204460492503126e-16
2006-05-29,21,22,LORD SEATON RD,YONGE ST,0,Minimal,2.2204460492503126e-16
2006-05-30,23,27,BAYVIEW AVE,ROSEDALE VALLEY RD,0,Fatal,2.2204460492503126e-16
2006-06-02,7,37,DUNDAS ST E,KINGSTON RD,0,None,2.2204460492503126e-16
2006-06-02,7,52,DUNDAS ST E,KINGSTON RD,0,Fatal,2.2204460492503126e-16
2006-06-03,18,22,WINONA DR,ST CLAIR AVE W,0,None,2.2204460492503126e-16
2006-06-03,18,77,WINONA DR,ST CLAIR AVE W,0,Major,2.2204460492503126e-16
2006-06-04,16,47,CHARTLAND BLVD S,BRIMLEY RD,0,Major,2.2204460492503126e-16
2006-08-07,23,27,BLUE JAYS WAY,KING ST W,0,Major,2.2204460492503126e-16
2006-08-08,10,42,ATHABASKA AVE,YONGE ST,0,None,2.2204460492503126e-16
2006-08-08,10,82,ATHABASKA AVE,YONGE ST,0,Major,2.2204460492503126e-16
2006-08-08,17,47,DON MILLS RD,GATEWAY BLVD,0,Major,2.2204460492503126e-16
2006-08-22,10,12,JAMESON AVE,QUEEN ST W,0,None,2.2204460492503126e-16
2006-08-08,17,47,DON MILLS RD,GATEWAY BLVD,0,Major,2.2204460492503126e-16
2006-08-08,17,37,DON MILLS RD,GATEWAY BLVD,0,Major,2.2204460492503126e-16
2006-08-09,18,37,TRANMER AVE,ORIOLE PKWY,0,None,2.2204460492503126e-16
2006-08-09,18,42,TRANMER AVE,ORIOLE PKWY,0,Major,2.2204460492503126e-16
2006-08-09,21,52,HAMMERSMITH AVE,QUEEN ST E,0,None,2.2204460492503126e-16
2006-08-09,21,37,HAMMERSMITH AVE,QUEEN ST E,0,Major,2.2204460492503126e-16
2006-08-10,18,47,FRESHMEADOW DR,DON MILLS RD,0,None,2.2204460492503126e-16
2006-08-10,18,42,FRESHMEADOW DR,DON MILLS RD,0,Major,2.2204460492503126e-16
2006-08-11,22,7,MCROBERTS AVE,ROGERS RD,0,Major,2.2204460492503126e-16
2006-08-11,22,12,MCROBERTS AVE,ROGERS RD,0,Major,2.2204460492503126e-16
2006-08-11,22,32,MCROBERTS AVE,ROGERS RD,0,Major,2.2204460492503126e-16
2006-08-12,2,22,CHURCH ST,WELLESLEY ST E,0,None,2.2204460492503126e-16
2006-08-12,2,27,CHURCH ST,WELLESLEY ST E,0,Major,2.2204460492503126e-16
2006-08-15,14,22,STEELES AVE E,MARKHAM RD,0,Major,2.2204460492503126e-16
2006-08-15,14,47,STEELES AVE E,MARKHAM RD,0,Minimal,2.2204460492503126e-16
2006-08-15,15,27,SANDHURST CRCL,MCCOWAN RD,0,Major,2.2204460492503126e-16
2006-08-15,15,42,SANDHURST CRCL,MCCOWAN RD,0,None,2.2204460492503126e-16
2006-08-15,15,67,SANDHURST CRCL,MCCOWAN RD,0,None,2.2204460492503126e-16
2006-08-15,15,42,SHERBOURNE ST,QUEEN E ST E,0,None,2.2204460492503126e-16
2006-08-18,16,27,BRIMORTON DR,SCARBOROUGH GOLF CLUB RD,0,None,2.2204460492503126e-16
2006-08-15,15,42,SHERBOURNE ST,QUEEN E ST E,0,Major,2.2204460492503126e-16
2006-08-15,18,27,LING RD,PIPERBROOK CRES,0,None,2.2204460492503126e-16
2006-08-15,18,7,LING RD,PIPERBROOK CRES,0,Major,2.2204460492503126e-16
2006-08-17,17,52,TAPSCOTT RD,STEELES E AVE E,0,Major,2.2204460492503126e-16
2006-08-18,16,67,BRIMORTON DR,SCARBOROUGH GOLF CLUB RD,0,Fatal,2.2204460492503126e-16
2006-08-17,18,42,PARLIAMENT ST,RICHMOND ST E,0,None,2.2204460492503126e-16
2006-08-17,18,62,PARLIAMENT ST,RICHMOND ST E,0,Major,2.2204460492503126e-16
2006-08-17,21,42,SPADINA AVE,QUEEN ST W,0,None,2.2204460492503126e-16
2006-08-17,21,37,SPADINA AVE,QUEEN ST W,0,Major,2.2204460492503126e-16
2006-08-18,16,27,BRIMORTON DR,SCARBOROUGH GOLF CLUB RD,0,None,2.2204460492503126e-16
2006-08-18,16,37,BRIMORTON DR,SCARBOROUGH GOLF CLUB RD,0,None,2.2204460492503126e-16
2006-08-18,16,2,BRIMORTON DR,SCARBOROUGH GOLF CLUB RD,0,None,2.2204460492503126e-16
2006-08-18,16,7,BRIMORTON DR,SCARBOROUGH GOLF CLUB RD,0,None,2.2204460492503126e-16
2006-08-18,16,27,BRIMORTON DR,SCARBOROUGH GOLF CLUB RD,0,None,2.2204460492503126e-16
2006-08-18,16,37,BRIMORTON DR,SCARBOROUGH GOLF CLUB RD,0,Minor,2.2204460492503126e-16
2006-08-18,16,37,MANNING AVE,DUPONT ST,0,Major,2.2204460492503126e-16
2006-08-18,16,72,MANNING AVE,DUPONT ST,0,None,2.2204460492503126e-16
2006-08-18,21,72,PROGRESS AVE,BELLAMY RD N,0,Fatal,2.2204460492503126e-16
2006-08-18,21,72,PROGRESS AVE,BELLAMY RD N,0,Minor,2.2204460492503126e-16
2006-08-18,21,17,PROGRESS AVE,BELLAMY RD N,0,Minor,2.2204460492503126e-16
2006-08-18,21,22,PROGRESS AVE,BELLAMY RD N,0,Minor,2.2204460492503126e-16
2006-08-18,21,47,HURON ST,BLOOR ST W,0,None,2.2204460492503126e-16
2006-08-18,21,27,HURON ST,BLOOR ST W,0,Major,2.2204460492503126e-16
2006-08-19,13,57,POLLARD DR,ELLESMERE RD,0,None,2.2204460492503126e-16
2006-08-19,13,7,POLLARD DR,ELLESMERE RD,0,Fatal,2.2204460492503126e-16
2006-08-19,23,77,LESLIE ST,QUEEN ST E,0,None,2.2204460492503126e-16
2006-08-19,23,62,LESLIE ST,QUEEN ST E,0,Fatal,2.2204460492503126e-16
2006-08-20,2,22,GERRY FITZGERALD DR W,DUFFERIN ST,0,Major,2.2204460492503126e-16
2006-08-20,2,27,GERRY FITZGERALD DR W,DUFFERIN ST,0,Major,2.2204460492503126e-16
2006-08-20,15,57,COWAN AVE,QUEEN ST W,0,Major,2.2204460492503126e-16
2006-08-20,15,37,COWAN AVE,QUEEN ST W,0,None,2.2204460492503126e-16
2006-08-20,15,37,CLINTON ST,COLLEGE ST,0,Major,2.2204460492503126e-16
2006-08-20,15,42,CLINTON ST,COLLEGE ST,0,None,2.2204460492503126e-16
2006-08-20,15,22,CLINTON ST,COLLEGE ST,0,Minimal,2.2204460492503126e-16
2006-08-21,8,27,GLENDOWER CRCT,BIRCHMOUNT RD,0,None,2.2204460492503126e-16
2006-08-21,8,12,GLENDOWER CRCT,BIRCHMOUNT RD,0,Major,2.2204460492503126e-16
2006-08-21,13,52,SULTANA AVE,KHEDIVE AVE,0,None,2.2204460492503126e-16
2006-08-21,13,17,SULTANA AVE,KHEDIVE AVE,0,Major,2.2204460492503126e-16
2006-08-22,10,12,JAMESON AVE,QUEEN ST W,0,None,2.2204460492503126e-16
2006-08-22,10,7,JAMESON AVE,QUEEN ST W,0,None,2.2204460492503126e-16
2006-06-28,10,47,MODERN RD,BIRCHMOUNT RD,0,None,2.2204460492503126e-16
2006-06-28,10,32,MODERN RD,BIRCHMOUNT RD,0,Major,2.2204460492503126e-16
2006-06-05,19,47,HAVELOCK ST,BLOOR ST W,0,None,2.2204460492503126e-16
2006-06-05,19,77,HAVELOCK ST,BLOOR ST W,0,Fatal,2.2204460492503126e-16
2006-06-28,13,37,YORK ST,KING ST W,0,Major,2.2204460492503126e-16
2006-06-06,15,37,CECIL ST,SPADINA AVE,0,None,2.2204460492503126e-16
2006-06-06,15,52,CECIL ST,SPADINA AVE,0,Major,2.2204460492503126e-16
2006-06-06,15,42,DAVENPORT RD,YONGE ST,0,Major,2.2204460492503126e-16
2006-06-07,8,42,FINCH Aven E,2275 MARKHAM RD,0,Minor,2.2204460492503126e-16
2006-06-07,8,57,FINCH Aven E,2275 MARKHAM RD,0,Major,2.2204460492503126e-16
2006-06-07,8,42,FINCH Aven E,2275 MARKHAM RD,0,Minor,2.2204460492503126e-16
2006-06-07,21,47,STEELES AVE W,ISLINGTON AVE,0,Minimal,2.2204460492503126e-16
2006-06-07,21,47,STEELES AVE W,ISLINGTON AVE,0,None,2.2204460492503126e-16
2006-06-07,21,42,STEELES AVE W,ISLINGTON AVE,0,Major,2.2204460492503126e-16
2006-08-22,10,62,JAMESON AVE,QUEEN ST W,0,None,2.2204460492503126e-16
2006-06-08,15,2,PARK LAWN RD,LAKE SHORE BLVD W,0,None,2.2204460492503126e-16
2006-06-08,15,2,PARK LAWN RD,LAKE SHORE BLVD W,0,Major,2.2204460492503126e-16
2006-06-08,15,62,PARK LAWN RD,LAKE SHORE BLVD W,0,Minimal,2.2204460492503126e-16
2006-06-08,15,42,PARK LAWN RD,LAKE SHORE BLVD W,0,None,2.2204460492503126e-16
2006-06-08,23,52,ST LAWRENCE ST,KING ST E,0,Major,2.2204460492503126e-16
2006-06-09,17,27,SILVERSAND PL,CREEKWOOD DR,0,Major,2.2204460492503126e-16
2006-06-09,17,72,SILVERSAND PL,CREEKWOOD DR,0,Minor,2.2204460492503126e-16
2006-06-10,9,87,ROMULUS DR,MIDLAND AVE,0,Fatal,2.2204460492503126e-16
2006-06-10,9,77,ROMULUS DR,MIDLAND AVE,0,Minor,2.2204460492503126e-16
2006-06-10,16,62,DUPONT ST,OSSINGTON AVE,0,None,2.2204460492503126e-16
2006-06-11,19,27,RENFIELD ST,THURODALE AVE,0,Major,2.2204460492503126e-16
2006-06-13,8,42,JAMESON AVE,LAKE SHORE BLVD W,0,Major,2.2204460492503126e-16
2006-06-13,8,42,JAMESON AVE,LAKE SHORE BLVD W,0,None,2.2204460492503126e-16
2006-06-13,8,37,JAMESON AVE,LAKE SHORE BLVD W,0,None,2.2204460492503126e-16
2006-06-13,8,42,JAMESON AVE,LAKE SHORE BLVD W,0,None,2.2204460492503126e-16
2006-06-13,21,32,ALBION RD,SILVERSTONE DR,0,None,2.2204460492503126e-16
2006-06-13,21,57,ALBION RD,SILVERSTONE DR,0,Major,2.2204460492503126e-16
2006-06-14,5,57,YONGE ST,LAKE SHORE BLVD W,0,Major,2.2204460492503126e-16
2006-06-14,5,37,YONGE ST,LAKE SHORE BLVD W,0,Minimal,2.2204460492503126e-16
2006-06-14,14,27,BETHRIDGE RD,KIPLING AVE,0,None,2.2204460492503126e-16
2006-06-14,14,42,BETHRIDGE RD,KIPLING AVE,0,Major,2.2204460492503126e-16
2006-06-15,9,67,REDPATH AVE,EGLINTON AVE E,0,None,2.2204460492503126e-16
2006-06-15,9,82,REDPATH AVE,EGLINTON AVE E,0,Major,2.2204460492503126e-16
2006-06-17,1,22,RICHMOND ST W,BATHURST ST,0,None,2.2204460492503126e-16
2006-06-17,1,22,RICHMOND ST W,BATHURST ST,0,Major,2.2204460492503126e-16
2006-06-17,1,27,RICHMOND ST W,BATHURST ST,0,None,2.2204460492503126e-16
2006-06-17,13,52,BERKELEY ST,SHUTER ST,0,None,2.2204460492503126e-16
2006-06-17,13,27,BERKELEY ST,SHUTER ST,0,Major,2.2204460492503126e-16
2006-06-17,17,37,YONGE ST,FINCH AVE E,0,None,2.2204460492503126e-16
2006-06-17,17,47,YONGE ST,FINCH AVE E,0,Major,2.2204460492503126e-16
2006-06-18,21,47,AVENUE RD,BLOOR ST W,0,None,2.2204460492503126e-16
2006-06-18,21,67,AVENUE RD,BLOOR ST W,0,Major,2.2204460492503126e-16
2006-06-18,22,37,WESTBOURNE AVE,ST CLAIR AVE E,0,None,2.2204460492503126e-16
2006-06-18,22,17,WESTBOURNE AVE,ST CLAIR AVE E,0,Major,2.2204460492503126e-16
2006-06-18,23,32,QUEENS PLATE DR,REXDALE BLVD,0,Major,2.2204460492503126e-16
2006-06-19,12,87,FIFTH ST,LAKE SHORE BLVD W,0,Fatal,2.2204460492503126e-16
2006-01-01,2,57,O CONNOR DR,WOODBINE AVE,1,Minor,2.2204460492503126e-16
2006-01-01,2,27,O CONNOR DR,WOODBINE AVE,1,None,2.2204460492503126e-16
2006-06-18,2,22,DANFORTH AVE,WOODBINE AVE,1,None,2.2204460492503126e-16
2006-06-18,2,17,DANFORTH AVE,WOODBINE AVE,1,Major,2.2204460492503126e-16
2006-03-18,21,27,SHALE GT,STEELES AVE W,1,None,2.2204460492503126e-16
2006-03-18,21,22,SHALE GT,STEELES AVE W,1,Major,2.2204460492503126e-16
2006-04-25,1,27,AUTO MALL DR,MILNER AVE,1,Major,2.2204460492503126e-16
2006-04-25,1,22,AUTO MALL DR,MILNER AVE,1,Minor,2.2204460492503126e-16
2006-04-25,1,27,AUTO MALL DR,MILNER AVE,1,Minor,2.2204460492503126e-16
2006-12-08,22,42,YORKVILLE AVE,BAY ST,1,None,2.2204460492503126e-16
2006-12-08,22,7,YORKVILLE AVE,BAY ST,1,Major,2.2204460492503126e-16
2006-12-08,22,7,YORKVILLE AVE,BAY ST,1,Minimal,2.2204460492503126e-16
2006-12-08,22,2,YORKVILLE AVE,BAY ST,1,Minimal,2.2204460492503126e-16
2006-12-08,22,37,YORKVILLE AVE,BAY ST,1,Minimal,2.2204460492503126e-16
2007-06-21,22,22,SHEPPARD AVE W,YONGE ST,1,None,2.2204460492503126e-16
2007-06-21,22,32,SHEPPARD AVE W,YONGE ST,1,Major,2.2204460492503126e-16
2007-11-30,18,47,LAWRENCE AVE E,DON MILLS RD,1,None,2.2204460492503126e-16
2007-11-30,18,52,LAWRENCE AVE E,DON MILLS RD,1,None,2.2204460492503126e-16
2007-11-30,18,52,LAWRENCE AVE E,DON MILLS RD,1,Major,2.2204460492503126e-16
2007-11-30,18,52,LAWRENCE AVE E,DON MILLS RD,1,None,2.2204460492503126e-16
2007-07-30,1,27,EGLINTON AVE E,KINGSTON RD,1,Major,2.2204460492503126e-16
2007-07-30,1,42,EGLINTON AVE E,KINGSTON RD,1,Minimal,2.2204460492503126e-16
2007-09-02,3,22,PROGRESS AVE,BELLAMY RD N,1,Minor,2.2204460492503126e-16
2007-09-02,3,22,PROGRESS AVE,BELLAMY RD N,1,Minor,2.2204460492503126e-16
2007-09-02,3,22,PROGRESS AVE,BELLAMY RD N,1,Major,2.2204460492503126e-16
2007-09-02,3,27,PROGRESS AVE,BELLAMY RD N,1,Minimal,2.2204460492503126e-16
2008-09-21,20,67,BRIAR HILL AVE,BATHURST ST,1,Major,2.2204460492503126e-16
2008-09-21,20,82,BRIAR HILL AVE,BATHURST ST,1,None,2.2204460492503126e-16
2008-02-24,21,62,CARPENTER RD,BATHURST ST,1,Minor,2.2204460492503126e-16
2008-02-24,21,67,CARPENTER RD,BATHURST ST,1,Minor,2.2204460492503126e-16
2008-07-19,17,47,DUNDAS ST W,BATHURST ST,1,Major,2.2204460492503126e-16
2008-07-31,22,57,THE ESPLANADE,LOWER JARVIS ST,1,None,2.2204460492503126e-16
2008-07-31,22,52,THE ESPLANADE,LOWER JARVIS ST,1,Major,2.2204460492503126e-16
2008-11-28,18,62,PARLIAMENT ST,BLOOR ST E,1,None,2.2204460492503126e-16
2008-11-28,18,52,PARLIAMENT ST,BLOOR ST E,1,Major,2.2204460492503126e-16
2009-04-06,21,42,STEINWAY BLVD,ALBION RD,1,Minor,2.2204460492503126e-16
2009-04-06,21,37,STEINWAY BLVD,ALBION RD,1,Major,2.2204460492503126e-16
2009-03-08,1,52,HORNER AVE,BROWNS LINE Line,1,Major,2.2204460492503126e-16
2009-03-08,1,37,HORNER AVE,BROWNS LINE Line,1,None,2.2204460492503126e-16
2009-05-07,5,47,KEELE ST,ANNETTE ST,1,Major,2.2204460492503126e-16
2009-05-07,5,27,KEELE ST,ANNETTE ST,1,None,2.2204460492503126e-16
2009-09-20,2,47,DOVERCOURT RD,DUNDAS ST W,1,Major,2.2204460492503126e-16
2009-09-20,2,67,DOVERCOURT RD,DUNDAS ST W,1,Major,2.2204460492503126e-16
2009-09-20,2,47,DOVERCOURT RD,DUNDAS ST W,1,Major,2.2204460492503126e-16
2011-04-27,22,27,KEELE ST,ST CLAIR AVE W,1,Major,2.2204460492503126e-16
2011-04-27,22,22,KEELE ST,ST CLAIR AVE W,1,Minimal,2.2204460492503126e-16
2010-11-09,21,67,ALBION RD,KIPLING AVE,1,Major,2.2204460492503126e-16
2010-11-09,21,67,ALBION RD,KIPLING AVE,1,None,2.2204460492503126e-16
2010-11-09,21,67,ALBION RD,KIPLING AVE,1,Major,2.2204460492503126e-16
2012-02-18,5,27,SANDHILL DR,ISLINGTON AVE,1,None,2.2204460492503126e-16
2012-02-18,5,27,SANDHILL DR,ISLINGTON AVE,1,Major,2.2204460492503126e-16
2012-10-21,3,22,BIRCHMOUNT RD,MCNICOLL AVE,1,Fatal,2.2204460492503126e-16
2012-10-21,3,22,BIRCHMOUNT RD,MCNICOLL AVE,1,Minor,2.2204460492503126e-16
2012-11-12,20,77,BIRCHMOUNT RD,SHEPPARD AVE E,1,Major,2.2204460492503126e-16
2012-11-12,20,87,BIRCHMOUNT RD,SHEPPARD AVE E,1,None,2.2204460492503126e-16
2012-11-12,20,47,BIRCHMOUNT RD,SHEPPARD AVE E,1,None,2.2204460492503126e-16
2012-04-29,21,47,LAWRENCE AVE E,LESLIE ST,1,None,2.2204460492503126e-16
2012-04-29,21,47,LAWRENCE AVE E,LESLIE ST,1,Major,2.2204460492503126e-16
2013-08-03,3,27,ISLINGTON AVE,STEELES AVE W,1,Fatal,2.2204460492503126e-16
2013-06-15,1,37,LANSDOWNE AVE,DUPONT ST,1,Major,2.2204460492503126e-16
2013-06-15,1,22,LANSDOWNE AVE,DUPONT ST,1,Minimal,2.2204460492503126e-16
2013-02-15,2,32,WAVERLEY RD,QUEEN ST E,1,None,2.2204460492503126e-16
2013-02-15,2,22,WAVERLEY RD,QUEEN ST E,1,Major,2.2204460492503126e-16
2014-05-30,22,22,KIPLING AVE,LAKE SHORE BLVD W,1,None,2.2204460492503126e-16
2014-05-30,22,37,KIPLING AVE,LAKE SHORE BLVD W,1,Major,2.2204460492503126e-16
2014-02-04,12,37,WESTHUMBER BLVD,KIPLING AVE,1,None,2.2204460492503126e-16
2014-02-04,12,62,WESTHUMBER BLVD,KIPLING AVE,1,None,2.2204460492503126e-16
2014-11-24,3,22,LEASIDE BDGE,DON VALLEY PARKWAY  N,1,Fatal,2.2204460492503126e-16
2014-12-07,2,47,PHARMACY AVE,EGLINTON AVE E,1,None,2.2204460492503126e-16
2016-03-14,3,27,WESTON RD,SHEPPARD AVE W,1,Major,2.2204460492503126e-16
2016-03-24,4,27,SHEPPARD AVE E,KINGSTON RD,1,Minor,2.2204460492503126e-16
2016-03-24,4,52,SHEPPARD AVE E,KINGSTON RD,1,Major,2.2204460492503126e-16
2016-10-31,20,42,DON MILLS RD,LAWRENCE AVE E,1,Minimal,2.2204460492503126e-16
2016-10-31,20,37,DON MILLS RD,LAWRENCE AVE E,1,Minimal,2.2204460492503126e-16
2016-10-31,20,42,DON MILLS RD,LAWRENCE AVE E,1,Minimal,2.2204460492503126e-16
2016-12-04,7,17,KINGSTON RD,SCARBOROUGH GOLF CLUB RD,1,None,2.2204460492503126e-16
2016-12-04,7,57,KINGSTON RD,SCARBOROUGH GOLF CLUB RD,1,Minor,2.2204460492503126e-16
2017-07-30,2,57,KEELE ST,DUNDAS ST W,1,Minimal,2.2204460492503126e-16
2017-07-30,2,62,KEELE ST,DUNDAS ST W,1,Major,2.2204460492503126e-16
2017-02-18,3,47,DUPONT ST,DUFFERIN ST,1,Minor,2.2204460492503126e-16
2017-02-18,3,52,DUPONT ST,DUFFERIN ST,1,Minimal,2.2204460492503126e-16
2017-02-26,3,47,BRIMLEY RD,EGLINTON AVE E,1,Major,2.2204460492503126e-16
2017-03-08,3,32,MERTON ST,YONGE ST,1,Major,2.2204460492503126e-16
2017-01-07,1,22,STEELES AVE W,DUFFERIN ST,1,None,2.2204460492503126e-16
2017-01-07,1,67,STEELES AVE W,DUFFERIN ST,1,Major,2.2204460492503126e-16
2017-01-07,1,37,STEELES AVE W,DUFFERIN ST,1,Minimal,2.2204460492503126e-16
2017-08-13,2,22,SHOREHAM DR,JANE ST,1,None,2.2204460492503126e-16
2017-08-13,2,27,SHOREHAM DR,JANE ST,1,Major,2.2204460492503126e-16
2018-11-29,2,22,MARKHAM RD,MCNICOLL AVE,1,Major,2.2204460492503126e-16
2006-08-21,11,42,SHEPPARD AVE E,MCCOWAN RD,0,None,0.9999999999999998
2006-08-21,11,77,SHEPPARD AVE E,MCCOWAN RD,0,None,0.9999999999999998
2006-08-21,11,67,SHEPPARD AVE E,MCCOWAN RD,0,Major,0.9999999999999998
2006-06-10,16,37,DUPONT ST,OSSINGTON AVE,0,Major,0.9999999999999998
2006-07-14,9,22,DUNDAS ST W,DUFFERIN ST,0,None,0.9999999999999998
2006-07-14,9,27,DUNDAS ST W,DUFFERIN ST,0,Major,0.9999999999999998
2006-11-17,2,22,EGLINTON AVE E,KENNEDY RD,0,None,0.9999999999999998
2006-11-17,2,47,EGLINTON AVE E,KENNEDY RD,0,Major,0.9999999999999998
2007-04-28,19,2,BRIMLEY RD,EGLINTON AVE E,0,Minor,0.9999999999999998
2007-09-22,7,27,EASTERN AVE,QUEEN ST E,0,Major,0.9999999999999998
2007-07-24,9,32,DUNDAS ST W,YONGE ST,0,None,0.9999999999999998
2008-04-13,2,22,COLLEGE ST,OSSINGTON AVE,0,None,0.9999999999999998
2008-04-13,2,47,COLLEGE ST,OSSINGTON AVE,0,None,0.9999999999999998
2008-04-13,2,22,COLLEGE ST,OSSINGTON AVE,0,Fatal,0.9999999999999998
2009-01-08,14,27,COLLEGE ST,BATHURST ST,0,None,0.9999999999999998
2009-09-08,19,22,BATHURST ST,KING ST W,0,Minor,0.9999999999999998
2009-09-08,19,32,BATHURST ST,KING ST W,0,Major,0.9999999999999998
2009-09-08,19,42,BATHURST ST,KING ST W,0,None,0.9999999999999998
2010-02-15,9,17,PHARMACY AVE,LAWRENCE AVE E,0,Minor,0.9999999999999998
2010-02-15,9,32,PHARMACY AVE,LAWRENCE AVE E,0,Major,0.9999999999999998
2010-02-15,9,37,PHARMACY AVE,LAWRENCE AVE E,0,Major,0.9999999999999998
2010-02-15,9,27,PHARMACY AVE,LAWRENCE AVE E,0,Fatal,0.9999999999999998
2010-05-25,10,7,EGLINTON AVE W,BATHURST ST,0,Major,0.9999999999999998
2010-02-15,9,17,PHARMACY AVE,LAWRENCE AVE E,0,Major,0.9999999999999998
2010-02-15,9,47,PHARMACY AVE,LAWRENCE AVE E,0,Major,0.9999999999999998
2010-02-15,9,42,PHARMACY AVE,LAWRENCE AVE E,0,Major,0.9999999999999998
2009-10-17,2,32,DUPONT ST,BATHURST ST,0,None,0.9999999999999998
2009-10-17,2,27,DUPONT ST,BATHURST ST,0,Major,0.9999999999999998
2011-03-13,13,17,BARRYMORE RD,LAWRENCE AVE E,0,None,0.9999999999999998
2011-03-13,13,47,BARRYMORE RD,LAWRENCE AVE E,0,Major,0.9999999999999998
2011-04-04,3,37,WESTON RD,SHEPPARD AVE W,0,Major,0.9999999999999998
2010-08-25,8,22,SHEPPARD AVE W,BATHURST ST,0,Minor,0.9999999999999998
2010-08-25,8,37,SHEPPARD AVE W,BATHURST ST,0,None,0.9999999999999998
2010-08-25,8,22,SHEPPARD AVE W,BATHURST ST,0,Minor,0.9999999999999998
2010-08-25,8,7,SHEPPARD AVE W,BATHURST ST,0,Major,0.9999999999999998
2010-08-25,8,32,SHEPPARD AVE W,BATHURST ST,0,Minor,0.9999999999999998
2011-12-28,17,52,FINCH AVE E,MCCOWAN RD,0,None,0.9999999999999998
2011-12-28,17,22,FINCH AVE E,MCCOWAN RD,0,Major,0.9999999999999998
2011-08-12,14,27,MARKBROOK LANE,STEELES AVE W,0,Major,0.9999999999999998
2011-08-12,14,42,MARKBROOK LANE,STEELES AVE W,0,None,0.9999999999999998
2012-10-11,7,22,DUNDAS ST W,OSSINGTON AVE,0,Major,0.9999999999999998
2012-10-11,7,52,DUNDAS ST W,OSSINGTON AVE,0,None,0.9999999999999998
2012-06-13,12,22,SHEPPARD AVE W,WESTON RD,0,None,0.9999999999999998
2013-05-12,1,27,EASTERN AVE,QUEEN ST E,0,None,0.9999999999999998
2013-01-18,15,52,HYMUS RD,WARDEN AVE,0,Major,0.9999999999999998
2013-01-18,15,52,HYMUS RD,WARDEN AVE,0,Minor,0.9999999999999998
2013-01-18,15,77,HYMUS RD,WARDEN AVE,0,Major,0.9999999999999998
2013-07-05,22,57,LAWRENCE AVE E,MCCOWAN RD,0,None,0.9999999999999998
2013-01-18,15,82,HYMUS RD,WARDEN AVE,0,Minor,0.9999999999999998
2013-07-28,1,42,DON MILLS RD,SHEPPARD AVE E,0,None,0.9999999999999998
2013-01-18,15,17,HYMUS RD,WARDEN AVE,0,Minimal,0.9999999999999998
2014-09-01,1,32,MARKHAM RD,EGLINTON AVE E,0,None,0.9999999999999998
2015-04-27,0,17,FINCH AVE E,MCCOWAN RD,0,Minimal,0.9999999999999998
2015-04-27,0,27,FINCH AVE E,MCCOWAN RD,0,Minimal,0.9999999999999998
2015-06-09,10,47,HURON ST,DUNDAS ST W,0,Major,0.9999999999999998
2015-06-09,10,52,HURON ST,DUNDAS ST W,0,None,0.9999999999999998
2014-09-25,9,17,THE ESPLANADE,LOWER JARVIS ST,0,None,0.9999999999999998
2014-12-14,3,22,DUNDAS ST W,OSSINGTON AVE,0,None,0.9999999999999998
2015-04-10,3,22,EGLINTON AVE E,KENNEDY RD,0,Major,0.9999999999999998
2015-11-03,17,57,VICE REGENT BLVD,HIGHWAY 27  N,0,Fatal,0.9999999999999998
2015-11-03,17,57,VICE REGENT BLVD,HIGHWAY 27  N,0,None,0.9999999999999998
2015-11-03,17,62,VICE REGENT BLVD,HIGHWAY 27  N,0,None,0.9999999999999998
2015-11-08,20,17,DON MILLS RD,LAWRENCE AVE E,0,Major,0.9999999999999998
2015-11-08,20,17,DON MILLS RD,LAWRENCE AVE E,0,None,0.9999999999999998
2016-02-13,10,77,TOBERMORY DR,FINCH AVE W,0,None,0.9999999999999998
2016-01-16,11,37,DUNDAS ST W,BATHURST ST,0,Minimal,0.9999999999999998
2016-01-16,11,37,DUNDAS ST W,BATHURST ST,0,None,0.9999999999999998
2017-03-30,1,17,LAWRENCE AVE E,SCARBOROUGH GOLF CLUB RD,0,Major,0.9999999999999998
2016-10-03,13,22,VAUGHAN RD,BATHURST ST,0,Major,0.9999999999999998
2016-10-03,13,52,VAUGHAN RD,BATHURST ST,0,None,0.9999999999999998
2018-03-15,21,52,DUPONT ST,DOVERCOURT RD,0,None,0.9999999999999998
2018-12-07,18,62,WAYSIDE AVE,FINCH AVE E,0,None,0.9999999999999998
2006-07-23,5,47,401 X W 427 X RAMP,HIGHWAY 27 S  S,1,Major,0.9999999999999998
2006-07-24,23,32,DON VALLEY PARKWAY S  S,DON MILLS RD,1,None,0.9999999999999998
2006-07-24,23,27,DON VALLEY PARKWAY S  S,DON MILLS RD,1,Major,0.9999999999999998
2006-07-24,23,27,DON VALLEY PARKWAY S  S,DON MILLS RD,1,Minor,0.9999999999999998
2006-08-03,1,47,LAKESHORE W GARDINER RAMP E,F G GARDINER XY E  E,1,None,0.9999999999999998
2006-08-03,1,17,LAKESHORE W GARDINER RAMP E,F G GARDINER XY E  E,1,Minor,0.9999999999999998
2006-08-03,1,22,LAKESHORE W GARDINER RAMP E,F G GARDINER XY E  E,1,Minor,0.9999999999999998
2006-08-03,1,22,LAKESHORE W GARDINER RAMP E,F G GARDINER XY E  E,1,Major,0.9999999999999998
2006-08-03,1,22,LAKESHORE W GARDINER RAMP E,F G GARDINER XY E  E,1,Minor,0.9999999999999998
2006-05-27,23,12,ARTECH CRT,GOSFORD BLVD,1,Major,0.9999999999999998
2006-05-27,23,22,ARTECH CRT,GOSFORD BLVD,1,Minor,0.9999999999999998
2006-05-27,23,27,ARTECH CRT,GOSFORD BLVD,1,Minor,0.9999999999999998
2006-05-28,5,22,LAWRENCE AVE E,KENNEDY RD,1,Major,0.9999999999999998
2006-05-28,5,22,LAWRENCE AVE E,KENNEDY RD,1,Major,0.9999999999999998
2006-05-28,5,22,LAWRENCE AVE E,KENNEDY RD,1,Minor,0.9999999999999998
2006-06-01,12,17,EGLINTON AVE E,MCCOWAN RD,1,Minor,0.9999999999999998
2006-06-01,12,17,EGLINTON AVE E,MCCOWAN RD,1,Minor,0.9999999999999998
2006-06-01,12,17,EGLINTON AVE E,MCCOWAN RD,1,Major,0.9999999999999998
2006-06-01,12,22,EGLINTON AVE E,MCCOWAN RD,1,Major,0.9999999999999998
2006-06-01,12,27,EGLINTON AVE E,MCCOWAN RD,1,None,0.9999999999999998
2006-06-20,20,32,OLD FOREST HILL Road,EGLINTON Aven W,1,Major,0.9999999999999998
2006-06-20,20,37,OLD FOREST HILL Road,EGLINTON Aven W,1,None,0.9999999999999998
2006-06-20,20,67,OLD FOREST HILL Road,EGLINTON Aven W,1,Minor,0.9999999999999998
2006-08-24,21,17,READING CRT,ATTWELL DR,1,Major,0.9999999999999998
2006-08-24,21,47,READING CRT,ATTWELL DR,1,None,0.9999999999999998
2006-03-12,2,27,COMMONWEALTH AVE,EGLINTON AVE E,1,None,0.9999999999999998
2006-03-12,2,32,COMMONWEALTH AVE,EGLINTON AVE E,1,Minor,0.9999999999999998
2006-03-12,2,42,COMMONWEALTH AVE,EGLINTON AVE E,1,Fatal,0.9999999999999998
2006-03-12,19,32,DUNDAS ST W,OSSINGTON AVE,1,None,0.9999999999999998
2006-03-12,19,27,DUNDAS ST W,OSSINGTON AVE,1,Major,0.9999999999999998
2007-02-11,2,22,ADVANCE RD,KIPLING AVE,1,None,0.9999999999999998
2007-02-11,2,17,ADVANCE RD,KIPLING AVE,1,Fatal,0.9999999999999998
2007-04-22,12,52,JACKSON PL,KEELE ST,1,Major,0.9999999999999998
2007-04-22,12,22,JACKSON PL,KEELE ST,1,Minimal,0.9999999999999998
2007-04-22,12,52,JACKSON PL,KEELE ST,1,None,0.9999999999999998
2007-04-22,12,62,JACKSON PL,KEELE ST,1,None,0.9999999999999998
2007-04-11,20,47,MARKBROOK LANE,STEELES AVE W,1,Fatal,0.9999999999999998
2007-04-11,20,47,MARKBROOK LANE,STEELES AVE W,1,Minor,0.9999999999999998
2007-04-17,22,22,MARKDALE AVE,BATHURST ST,1,Minor,0.9999999999999998
2007-04-17,22,37,MARKDALE AVE,BATHURST ST,1,Minor,0.9999999999999998
2007-04-17,22,37,MARKDALE AVE,BATHURST ST,1,None,0.9999999999999998
2007-04-17,22,22,MARKDALE AVE,BATHURST ST,1,Minor,0.9999999999999998
2007-04-17,22,22,MARKDALE AVE,BATHURST ST,1,Major,0.9999999999999998
2006-09-29,3,17,YORKTOWN DR,TRETHEWEY DR,1,Minor,0.9999999999999998
2006-09-29,3,47,YORKTOWN DR,TRETHEWEY DR,1,Major,0.9999999999999998
2006-09-29,3,32,YORKTOWN DR,TRETHEWEY DR,1,Major,0.9999999999999998
2006-09-30,5,32,LAKEVIEW AVE,DUNDAS ST W,1,Minor,0.9999999999999998
2006-09-30,5,42,LAKEVIEW AVE,DUNDAS ST W,1,Major,0.9999999999999998
2007-03-03,1,52,GERRARD ST E,HORTICULTURAL AVE,1,None,0.9999999999999998
2007-03-03,1,52,GERRARD ST E,HORTICULTURAL AVE,1,Major,0.9999999999999998
2006-12-11,18,17,WARDEN AVE,ASHTONBEE RD,1,Major,0.9999999999999998
2006-12-11,18,22,WARDEN AVE,ASHTONBEE RD,1,Minor,0.9999999999999998
2007-03-14,3,37,COLLEGE ST,BATHURST ST,1,None,0.9999999999999998
2007-03-14,3,47,COLLEGE ST,BATHURST ST,1,None,0.9999999999999998
2007-03-14,3,22,COLLEGE ST,BATHURST ST,1,Major,0.9999999999999998
2007-03-14,3,27,COLLEGE ST,BATHURST ST,1,Minimal,0.9999999999999998
2006-12-28,6,22,AQUATIC DR,LAKE SHORE BLVD W,1,Major,0.9999999999999998
2006-12-28,6,22,AQUATIC DR,LAKE SHORE BLVD W,1,Major,0.9999999999999998
2006-10-12,15,37,LA ROSE AVE,SCARLETT RD,1,None,0.9999999999999998
2006-10-12,15,27,LA ROSE AVE,SCARLETT RD,1,Major,0.9999999999999998
2007-09-24,2,17,VICTOR AVE,BROADVIEW AVE,1,Major,0.9999999999999998
2007-10-19,10,82,ISLINGTON AVE,BERGAMOT AVE,1,Fatal,0.9999999999999998
2007-10-19,10,82,ISLINGTON AVE,BERGAMOT AVE,1,Fatal,0.9999999999999998
2007-10-19,10,72,ISLINGTON AVE,BERGAMOT AVE,1,Major,0.9999999999999998
2007-10-19,10,57,ISLINGTON AVE,BERGAMOT AVE,1,None,0.9999999999999998
2007-07-11,20,57,BRIDLEGROVE DR,MCCOWAN RD,1,None,0.9999999999999998
2007-07-11,20,2,BRIDLEGROVE DR,MCCOWAN RD,1,Major,0.9999999999999998
2007-07-11,20,37,BRIDLEGROVE DR,MCCOWAN RD,1,Fatal,0.9999999999999998
2007-07-22,13,42,SAN MARINOWAY,JANE ST,1,None,0.9999999999999998
2007-07-22,13,17,SAN MARINOWAY,JANE ST,1,Major,0.9999999999999998
2007-07-22,13,27,SAN MARINOWAY,JANE ST,1,None,0.9999999999999998
2007-07-22,13,17,SAN MARINOWAY,JANE ST,1,Minimal,0.9999999999999998
2007-07-26,2,47,BLOOR ST W,CHRISTIE ST,1,Major,0.9999999999999998
2008-02-24,21,17,CARPENTER RD,BATHURST ST,1,Minor,0.9999999999999998
2008-09-04,23,22,BREADALBANE Stre,YONGE Stre,1,None,0.9999999999999998
2008-09-04,23,37,BREADALBANE Stre,YONGE Stre,1,Major,0.9999999999999998
2008-09-25,21,52,EVANSTON DR,WILMINGTON AVE,1,None,0.9999999999999998
2008-09-25,21,27,EVANSTON DR,WILMINGTON AVE,1,Major,0.9999999999999998
2008-09-25,21,27,EVANSTON DR,WILMINGTON AVE,1,Minor,0.9999999999999998
2008-02-17,10,67,PAINTED POST Driv,910 MARKHAM Rd,1,Major,0.9999999999999998
2008-05-03,2,22,HEATHERSIDE DR,HUNTINGDALE BLVD,1,Fatal,0.9999999999999998
2008-05-04,23,57,LAWRENCE Aven W,DUFFERIN Stre,1,Major,0.9999999999999998
2008-05-04,23,22,LAWRENCE Aven W,DUFFERIN Stre,1,Minor,0.9999999999999998
2008-02-17,10,22,PAINTED POST Driv,910 MARKHAM Rd,1,Minimal,0.9999999999999998
2008-02-17,10,27,PAINTED POST Driv,910 MARKHAM Rd,1,Minimal,0.9999999999999998
2008-02-18,1,62,THIRTY FIFTH ST,LAKE SHORE BLVD W,1,Major,0.9999999999999998
2008-08-07,1,47,BASTEDO Aven,DANFORTH Aven,1,Major,0.9999999999999998
2008-08-07,1,37,BASTEDO Aven,DANFORTH Aven,1,None,0.9999999999999998
2008-02-24,21,17,CARPENTER RD,BATHURST ST,1,Fatal,0.9999999999999998
2008-02-24,21,17,CARPENTER RD,BATHURST ST,1,Minor,0.9999999999999998
2008-08-23,2,27,BLOOR Stre W,SHAVER Aven S,1,Major,0.9999999999999998
2008-08-26,2,32,LAKE SHORE Boul E,CARLAW Aven,1,Major,0.9999999999999998
2008-08-26,2,27,LAKE SHORE Boul E,CARLAW Aven,1,Major,0.9999999999999998
2008-08-26,2,22,LAKE SHORE Boul E,CARLAW Aven,1,Major,0.9999999999999998
2008-08-26,2,27,LAKE SHORE Boul E,CARLAW Aven,1,Major,0.9999999999999998
2008-02-24,21,17,CARPENTER RD,BATHURST ST,1,Minor,0.9999999999999998
2008-07-19,17,27,DUNDAS ST W,BATHURST ST,1,None,0.9999999999999998
2008-08-01,21,17,ORCHARD PARK DR,KINGSTON RD,1,None,0.9999999999999998
2008-08-01,21,17,ORCHARD PARK DR,KINGSTON RD,1,None,0.9999999999999998
2008-08-01,21,17,ORCHARD PARK DR,KINGSTON RD,1,None,0.9999999999999998
2008-08-01,21,42,ORCHARD PARK DR,KINGSTON RD,1,Major,0.9999999999999998
2008-08-01,23,17,YONGE ST,LAKE SHORE W BLVD E,1,Minor,0.9999999999999998
2008-08-01,23,22,YONGE ST,LAKE SHORE W BLVD E,1,Minor,0.9999999999999998
2008-08-01,23,17,YONGE ST,LAKE SHORE W BLVD E,1,None,0.9999999999999998
2008-08-01,23,27,YONGE ST,LAKE SHORE W BLVD E,1,Major,0.9999999999999998
2008-03-09,22,42,JOHN DRURY DR,SHEPPARD AVE W,1,Minor,0.9999999999999998
2008-03-09,22,62,JOHN DRURY DR,SHEPPARD AVE W,1,Major,0.9999999999999998
2008-06-27,5,32,STADIUM RD,FLEET ST,1,None,0.9999999999999998
2008-06-27,5,22,STADIUM RD,FLEET ST,1,Major,0.9999999999999998
2008-06-27,5,22,STADIUM RD,FLEET ST,1,Fatal,0.9999999999999998
2008-02-03,3,32,MARKHAM RD,STEELES AVE E,1,Major,0.9999999999999998
2008-02-03,3,37,MARKHAM RD,STEELES AVE E,1,Minor,0.9999999999999998
2008-02-03,3,37,MARKHAM RD,STEELES AVE E,1,Minor,0.9999999999999998
2008-02-03,3,17,MARKHAM RD,STEELES AVE E,1,None,0.9999999999999998
2009-06-14,22,32,STEPHEN DR,THE QUEENSWAY,1,Major,0.9999999999999998
2009-06-14,22,32,STEPHEN DR,THE QUEENSWAY,1,Minimal,0.9999999999999998
2009-09-02,22,27,JAYZEL DR,FINCH AVE W,1,None,0.9999999999999998
2009-09-02,22,27,JAYZEL DR,FINCH AVE W,1,Major,0.9999999999999998
2009-04-04,2,27,BLOOR ST W,LIPPINCOTT ST,1,Fatal,0.9999999999999998
2009-04-04,2,22,BLOOR ST W,LIPPINCOTT ST,1,None,0.9999999999999998
2009-04-07,16,57,GAMBLE AVE,BROADVIEW AVE,1,Major,0.9999999999999998
2009-06-19,14,62,SOLWAY CRT,COLLINGSBROOK BLVD,1,Major,0.9999999999999998
2009-05-31,4,22,EGLINTON AVE W,WESTON RD,1,Major,0.9999999999999998
2009-06-19,14,37,SOLWAY CRT,COLLINGSBROOK BLVD,1,Minimal,0.9999999999999998
2009-02-21,2,37,WILSON AVE,STADACONA DR,1,None,0.9999999999999998
2009-02-21,2,32,WILSON AVE,STADACONA DR,1,Major,0.9999999999999998
2009-08-01,7,27,EASTERN AVE,QUEEN ST E,1,Major,0.9999999999999998
2009-03-08,3,22,HEATHFIELD DR,HILL CRES,1,Fatal,0.9999999999999998
2009-03-08,3,22,HEATHFIELD DR,HILL CRES,1,Major,0.9999999999999998
2009-12-31,3,47,SHEPPARD AVE E,TWYN RIVERS DR,1,Major,0.9999999999999998
2009-12-21,19,72,EARSWICK DR,LIVINGSTON RD,1,None,0.9999999999999998
2009-12-21,19,67,EARSWICK DR,LIVINGSTON RD,1,Major,0.9999999999999998
2010-04-03,1,22,HIGHWAY 27  N,ALBION Rd,1,Minimal,0.9999999999999998
2010-04-03,1,7,HIGHWAY 27  N,ALBION Rd,1,Major,0.9999999999999998
2010-04-03,1,47,HIGHWAY 27  N,ALBION Rd,1,Minor,0.9999999999999998
2010-04-03,1,22,HIGHWAY 27  N,ALBION Rd,1,Minimal,0.9999999999999998
2010-04-03,1,27,HIGHWAY 27  N,ALBION Rd,1,None,0.9999999999999998
2010-04-03,1,27,HIGHWAY 27  N,ALBION Rd,1,Minor,0.9999999999999998
2010-02-27,5,32,EDITHVALE Driv,FINCH Aven W,1,Major,0.9999999999999998
2010-03-01,20,52,LOCKWOOD Road,QUEEN Stre E,1,None,0.9999999999999998
2010-03-01,20,27,LOCKWOOD Road,QUEEN Stre E,1,None,0.9999999999999998
2010-03-01,20,57,LOCKWOOD Road,QUEEN Stre E,1,Major,0.9999999999999998
2009-10-17,23,62,TOBERMORY DR,FINCH AVE W,1,Fatal,0.9999999999999998
2009-10-17,23,37,TOBERMORY DR,FINCH AVE W,1,Major,0.9999999999999998
2009-10-16,2,17,QUEEN Stre W,225 QUEEN ST W,1,None,0.9999999999999998
2009-10-16,2,37,QUEEN Stre W,225 QUEEN ST W,1,None,0.9999999999999998
2009-10-16,2,47,QUEEN Stre W,225 QUEEN ST W,1,Major,0.9999999999999998
2009-10-17,23,42,TOBERMORY DR,FINCH AVE W,1,Fatal,0.9999999999999998
2009-10-17,23,22,TOBERMORY DR,FINCH AVE W,1,Fatal,0.9999999999999998
2009-10-17,23,42,TOBERMORY DR,FINCH AVE W,1,Minor,0.9999999999999998
2009-10-17,23,22,TOBERMORY DR,FINCH AVE W,1,Major,0.9999999999999998
2009-12-31,3,37,SHEPPARD AVE E,TWYN RIVERS DR,1,None,0.9999999999999998
2010-06-15,18,47,DUPONT ST,DOVERCOURT RD,1,None,0.9999999999999998
2010-06-15,18,27,DUPONT ST,DOVERCOURT RD,1,Major,0.9999999999999998
2010-06-19,19,32,HYMUS RD,WARDEN AVE,1,Major,0.9999999999999998
2010-06-19,19,27,HYMUS RD,WARDEN AVE,1,None,0.9999999999999998
2009-09-20,2,17,DOVERCOURT RD,DUNDAS ST W,1,Major,0.9999999999999998
2009-09-20,2,67,COOLMINE RD,DUNDAS ST W,1,Major,0.9999999999999998
2009-09-20,2,42,COOLMINE RD,DUNDAS ST W,1,Major,0.9999999999999998
2009-09-20,2,32,COOLMINE RD,DUNDAS ST W,1,Major,0.9999999999999998
2010-09-20,23,32,TAPSCOTT RD,PASSMORE AVE,1,Minor,0.9999999999999998
2010-10-11,20,32,SANDOWN AVE,KINGSTON RD,1,Major,0.9999999999999998
2010-07-31,7,27,CHARLTON BLVD,GRANTBROOK ST,1,Fatal,0.9999999999999998
2010-07-24,3,27,WALLACE AVE,DUFFERIN ST,1,Major,0.9999999999999998
2010-07-31,7,62,CHARLTON BLVD,GRANTBROOK ST,1,Major,0.9999999999999998
2010-07-31,7,62,CHARLTON BLVD,GRANTBROOK ST,1,Minor,0.9999999999999998
2010-07-31,7,27,CHARLTON BLVD,GRANTBROOK ST,1,Minor,0.9999999999999998
2010-07-31,7,27,CHARLTON BLVD,GRANTBROOK ST,1,Major,0.9999999999999998
2010-09-20,23,32,TAPSCOTT RD,PASSMORE AVE,1,Major,0.9999999999999998
2010-10-11,20,47,SANDOWN AVE,KINGSTON RD,1,None,0.9999999999999998
2011-02-19,3,27,HALLAM ST,DUFFERIN ST,1,Major,0.9999999999999998
2011-02-19,3,27,HALLAM ST,DUFFERIN ST,1,None,0.9999999999999998
2011-02-24,22,42,USHER AVE,ROYAL YORK RD,1,Major,0.9999999999999998
2011-02-24,22,22,USHER AVE,ROYAL YORK RD,1,Major,0.9999999999999998
2010-12-29,21,32,BOWDEN ST,DANFORTH AVE,1,None,0.9999999999999998
2011-01-11,19,42,RYERSON AVE,QUEEN ST W,1,None,0.9999999999999998
2011-01-11,19,57,RYERSON AVE,QUEEN ST W,1,Major,0.9999999999999998
2010-09-26,22,27,VICE REGENT BLVD,HIGHWAY 27  N,1,Fatal,0.9999999999999998
2010-09-26,22,47,VICE REGENT BLVD,HIGHWAY 27  N,1,None,0.9999999999999998
2010-09-26,22,7,VICE REGENT BLVD,HIGHWAY 27  N,1,Major,0.9999999999999998
2010-09-26,22,32,VICE REGENT BLVD,HIGHWAY 27  N,1,Minimal,0.9999999999999998
2010-08-21,3,27,HOLLIS AVE,WARDEN AVE,1,Major,0.9999999999999998
2010-08-21,3,27,HOLLIS AVE,WARDEN AVE,1,None,0.9999999999999998
2010-10-23,2,22,CECIL ST,BEVERLEY ST,1,None,0.9999999999999998
2010-10-23,2,22,CECIL ST,BEVERLEY ST,1,Major,0.9999999999999998
2010-06-27,20,62,WILD GINGERWAY Aven,BATHURST ST,1,Major,0.9999999999999998
2010-06-27,20,17,WILD GINGERWAY Aven,BATHURST ST,1,Minimal,0.9999999999999998
2010-06-27,20,47,WILD GINGERWAY Aven,BATHURST ST,1,Minor,0.9999999999999998
2010-06-27,20,22,WILD GINGERWAY Aven,BATHURST ST,1,Minor,0.9999999999999998
2010-07-09,6,52,WESTON Rd,ALBION Rd,1,Major,0.9999999999999998
2010-07-10,3,22,BURNHAMTHORPE CRES,BURNHAMTHORPE RD,1,Minimal,0.9999999999999998
2010-07-09,6,27,WESTON Rd,ALBION Rd,1,Minor,0.9999999999999998
2010-07-10,3,22,BURNHAMTHORPE CRES,BURNHAMTHORPE RD,1,Major,0.9999999999999998
2010-07-10,3,27,BURNHAMTHORPE CRES,BURNHAMTHORPE RD,1,None,0.9999999999999998
2011-12-31,14,52,PARKWOODS VILLAGE Driv,VICTORIA PARK Aven,1,None,0.9999999999999998
2011-12-31,14,2,PARKWOODS VILLAGE Driv,VICTORIA PARK Aven,1,Minor,0.9999999999999998
2011-12-31,14,32,PARKWOODS VILLAGE Driv,VICTORIA PARK Aven,1,Major,0.9999999999999998
2012-02-12,4,27,GEORGE ST,DUNDAS ST E,1,Minor,0.9999999999999998
2012-02-12,4,27,GEORGE ST,DUNDAS ST E,1,Minor,0.9999999999999998
2012-02-12,4,17,GEORGE ST,DUNDAS ST E,1,Major,0.9999999999999998
2012-02-12,4,37,GEORGE ST,DUNDAS ST E,1,Minor,0.9999999999999998
2011-10-10,4,22,NORTHTOWN WAY,DORIS AVE,1,None,0.9999999999999998
2011-10-10,4,27,NORTHTOWN WAY,DORIS AVE,1,Major,0.9999999999999998
2011-10-26,19,67,VAUGHAN RD,BATHURST ST,1,None,0.9999999999999998
2011-10-26,19,77,VAUGHAN RD,BATHURST ST,1,Major,0.9999999999999998
2011-11-05,22,22,BATHURST ST,KING ST W,1,None,0.9999999999999998
2011-11-05,22,27,BATHURST ST,KING ST W,1,Minor,0.9999999999999998
2011-11-05,22,32,BATHURST ST,KING ST W,1,Major,0.9999999999999998
2011-11-05,22,32,BATHURST ST,KING ST W,1,None,0.9999999999999998
2011-12-29,3,22,TAPSCOTT Rd,NEILSON Rd,1,Major,0.9999999999999998
2011-12-29,3,22,TAPSCOTT Rd,NEILSON Rd,1,None,0.9999999999999998
2011-08-03,16,57,SCARBOROUGH Road,GERRARD Stre E,1,Minimal,0.9999999999999998
2011-08-03,16,57,SCARBOROUGH Road,GERRARD Stre E,1,Minimal,0.9999999999999998
2011-08-03,16,37,SCARBOROUGH Road,GERRARD Stre E,1,None,0.9999999999999998
2011-08-03,16,27,SCARBOROUGH Road,GERRARD Stre E,1,Major,0.9999999999999998
2011-08-07,1,37,PHOTOGRAPHY DR W,BLACK CREEK DR,1,Major,0.9999999999999998
2011-08-07,1,47,PHOTOGRAPHY DR W,BLACK CREEK DR,1,Minimal,0.9999999999999998
2012-02-03,4,27,PENNYHILL DR,HUPFIELD TRL,1,Major,0.9999999999999998
2012-09-01,3,22,COSBURN AVE,PAPE AVE,1,None,0.9999999999999998
2012-09-01,3,27,COSBURN AVE,PAPE AVE,1,Major,0.9999999999999998
2012-09-16,1,37,SPRINGHURST Ave,DUFFERIN St,1,Minimal,0.9999999999999998
2012-09-16,1,42,SPRINGHURST Ave,DUFFERIN St,1,Major,0.9999999999999998
2012-09-21,1,32,LAWRENCE Ave W,WESTON Rd,1,Minor,0.9999999999999998
2012-09-21,1,42,LAWRENCE Ave W,WESTON Rd,1,Major,0.9999999999999998
2012-05-05,3,37,WILLIAM KITCHEN RD,KENNEDY RD,1,Major,0.9999999999999998
2012-05-05,3,57,WILLIAM KITCHEN RD,KENNEDY RD,1,None,0.9999999999999998
2012-11-25,1,27,JUDSON ST,HORNER AVE,1,Major,0.9999999999999998
2012-04-03,2,22,STIBBARD AVE,MOUNT PLEASANT RD,1,Fatal,0.9999999999999998
2012-04-03,2,17,STIBBARD AVE,MOUNT PLEASANT RD,1,Minimal,0.9999999999999998
2012-04-07,20,32,VALHALLA BLVD,KINGSTON RD,1,Major,0.9999999999999998
2012-04-07,20,52,VALHALLA BLVD,KINGSTON RD,1,None,0.9999999999999998
2012-04-18,23,37,MASCOT PL,BATHURST ST,1,None,0.9999999999999998
2012-04-18,23,87,MASCOT PL,BATHURST ST,1,Major,0.9999999999999998
2012-07-29,19,32,CANON JACKSON DR,KEELE ST,1,Major,0.9999999999999998
2012-07-29,19,37,CANON JACKSON DR,KEELE ST,1,Minimal,0.9999999999999998
2012-04-01,5,47,FINCH AVE E,MCCOWAN RD,1,Minimal,0.9999999999999998
2012-04-01,5,37,FINCH AVE E,MCCOWAN RD,1,Major,0.9999999999999998
2013-04-13,18,77,401 C E KENNEDY RAMP RD E,KENNEDY RD,1,None,0.9999999999999998
2013-04-13,18,42,401 C E KENNEDY RAMP RD E,KENNEDY RD,1,None,0.9999999999999998
2013-04-13,18,22,401 C E KENNEDY RAMP RD E,KENNEDY RD,1,Minor,0.9999999999999998
2013-04-13,18,47,401 C E KENNEDY RAMP RD E,KENNEDY RD,1,None,0.9999999999999998
2013-04-13,18,27,401 C E KENNEDY RAMP RD E,KENNEDY RD,1,Minor,0.9999999999999998
2013-04-13,18,27,401 C E KENNEDY RAMP RD E,KENNEDY RD,1,None,0.9999999999999998
2013-04-13,18,37,401 C E KENNEDY RAMP RD E,KENNEDY RD,1,Fatal,0.9999999999999998
2013-07-03,2,22,PARKWOODS VILLAGE DR,YORK MILLS RD,1,Major,0.9999999999999998
2014-05-22,20,27,ESTHER SHINER BLVD,LESLIE ST,1,None,0.9999999999999998
2013-09-29,19,47,BEAUMONDE HEIGHTS Dr,ISLINGTON Ave,1,Minimal,0.9999999999999998
2014-04-18,2,42,CRESCENT TOWN RD,DAWES RD,1,Major,0.9999999999999998
2014-05-01,22,22,MAINSHEP RD,WESTON RD,1,Minor,0.9999999999999998
2014-05-01,22,32,MAINSHEP RD,WESTON RD,1,Minor,0.9999999999999998
2014-05-22,20,62,ESTHER SHINER BLVD,LESLIE ST,1,Major,0.9999999999999998
2013-09-29,19,32,BEAUMONDE HEIGHTS Dr,ISLINGTON Ave,1,Minor,0.9999999999999998
2013-09-29,19,47,BEAUMONDE HEIGHTS Dr,ISLINGTON Ave,1,Major,0.9999999999999998
2013-09-29,19,47,BEAUMONDE HEIGHTS Dr,ISLINGTON Ave,1,Major,0.9999999999999998
2013-10-14,18,52,GREENHOLM CRCL,LAWRENCE Ave E,1,None,0.9999999999999998
2013-10-14,18,52,GREENHOLM CRCL,LAWRENCE Ave E,1,Major,0.9999999999999998
2013-10-14,18,62,GREENHOLM CRCL,LAWRENCE Ave E,1,Major,0.9999999999999998
2013-10-20,4,27,EGLINTON AVE E,KENNEDY RD,1,None,0.9999999999999998
2013-11-18,20,22,FRONTENAC AVE,BATHURST ST,1,Minimal,0.9999999999999998
2014-11-24,18,27,MILITARY TRL,ELLESMERE RD,1,Fatal,0.9999999999999998
2014-11-24,18,22,MILITARY TRL,ELLESMERE RD,1,None,0.9999999999999998
2015-08-16,4,22,LAWRENCE AVE E,BELLAMY RD N,1,Major,0.9999999999999998
2015-08-16,4,52,LAWRENCE AVE E,BELLAMY RD N,1,Minor,0.9999999999999998
2015-08-16,4,47,LAWRENCE AVE E,BELLAMY RD N,1,Minimal,0.9999999999999998
2014-11-27,21,57,JOHN DRURY DR,SHEPPARD AVE W,1,Major,0.9999999999999998
2015-09-25,20,52,STIBBARD AVE,MOUNT PLEASANT RD,1,Major,0.9999999999999998
2015-07-10,23,37,BEACONHILL RD,KIPLING AVE,1,None,0.9999999999999998
2015-07-10,23,52,BEACONHILL RD,KIPLING AVE,1,None,0.9999999999999998
2015-09-26,1,32,427 C N BURNHAMTHORPE RAMP,BURNHAMTHORPE RD,1,Fatal,0.9999999999999998
2015-09-26,1,22,427 C N BURNHAMTHORPE RAMP,BURNHAMTHORPE RD,1,Major,0.9999999999999998
2015-06-11,2,22,TOBERMORY DR,FINCH AVE W,1,None,0.9999999999999998
2015-06-11,2,42,TOBERMORY DR,FINCH AVE W,1,Fatal,0.9999999999999998
2015-07-01,23,42,WESTON RD,WALSH AVE,1,Major,0.9999999999999998
2015-07-01,23,52,WESTON RD,WALSH AVE,1,None,0.9999999999999998
2014-12-07,2,32,PHARMACY AVE,EGLINTON AVE E,1,Minor,0.9999999999999998
2015-04-20,21,37,WAYSIDE AVE,FINCH AVE E,1,Major,0.9999999999999998
2015-04-20,21,52,WAYSIDE AVE,FINCH AVE E,1,Minimal,0.9999999999999998
2015-11-08,16,57,SHADY HOLLOW DR,MCNICOLL AVE,1,None,0.9999999999999998
2015-11-08,16,67,SHADY HOLLOW DR,MCNICOLL AVE,1,Minor,0.9999999999999998
2016-01-31,2,52,ROMFIELD DR,DERRYDOWN RD,1,Minor,0.9999999999999998
2016-02-21,1,27,KIPLING AVE,THE QUEENSWAY K,1,None,0.9999999999999998
2016-09-05,2,22,ROXBOROUGH DR,MOUNT PLEASANT RD,1,Minor,0.9999999999999998
2016-09-07,2,32,BARRYMORE RD,DANFORTH RD,1,None,0.9999999999999998
2015-11-21,5,72,ROANOKE RD,UNDERHILL DR,1,Major,0.9999999999999998
2015-11-21,5,27,ROANOKE RD,UNDERHILL DR,1,Minimal,0.9999999999999998
2017-05-19,23,22,DUPLEX AVE,EGLINTON AVE W,1,None,0.9999999999999998
2017-09-28,16,47,ZENITH DR,BIRCHMOUNT RD,1,None,0.9999999999999998
2017-09-28,16,52,ZENITH DR,BIRCHMOUNT RD,1,Minor,0.9999999999999998
2016-12-09,2,22,OLD KINGSTON RD,KINGSTON RD,1,Major,0.9999999999999998
2017-02-18,3,32,DUPONT ST,DUFFERIN ST,1,Major,0.9999999999999998
2017-02-26,3,22,BRIMLEY RD,EGLINTON AVE E,1,Minimal,0.9999999999999998
2016-12-24,3,27,DOLOMITE DR,DUFFERIN ST,1,Major,0.9999999999999998
2017-01-29,3,42,SOUTH KINGSWAY RAMP,F G GARDINER XY  W,1,Minimal,0.9999999999999998
2017-01-29,3,22,SOUTH KINGSWAY RAMP,F G GARDINER XY  W,1,Fatal,0.9999999999999998
2017-08-17,22,22,LONGSWORD  DR,WHITE HEATHER BLVD,1,None,0.9999999999999998
2018-03-15,2,17,HURON ST,COLLEGE ST,1,None,0.9999999999999998
2018-02-10,3,32,DUNDAS ST W,BATHURST ST,1,None,0.9999999999999998
2018-06-23,3,32,MARKHAM RD,BRIMORTON DR,1,None,0.9999999999999998
2018-06-29,22,57,DUNDAS ST W,PACIFIC AVE,1,Minimal,0.9999999999999998
2018-03-21,2,37,WANDLE AV,KEELE ST [N/B],1,Major,0.9999999999999998
2018-03-21,2,37,WANDLE AV,KEELE ST [N/B],1,None,0.9999999999999998
2018-09-19,12,27,LOWER JARVIS ST,F G GARDINER XY  E,1,Major,0.9999999999999998
2018-09-01,3,22,DOVEHOUSE AV,KEELE ST,1,Minimal,0.9999999999999998
2018-02-16,21,52,ROYAL YORK RD,LAKE SHORE BV W,1,None,0.9999999999999998
2018-02-27,21,57,CARRIER DRIVE,ALBION ROAD,1,Minor,0.9999999999999998
2018-02-27,21,32,CARRIER DRIVE,ALBION ROAD,1,Major,0.9999999999999998
2018-01-26,20,37,MCLEVIN  AVE,TAPSCOTT RD,1,Major,0.9999999999999998
2018-01-26,20,37,MCLEVIN  AVE,TAPSCOTT RD,1,Minor,0.9999999999999998
2019-01-26,2,57,FINCH AVE E,MCCOWAN RD,1,Major,0.9999999999999998
2019-02-02,23,42,945 MIDLAND AV,MIDLAND AV,1,Major,0.9999999999999998
2019-02-02,23,32,945 MIDLAND AV,MIDLAND AV,1,Minor,0.9999999999999998
2019-02-03,2,32,HUNT CLUB RD,KINGSTON RD,1,Minor,0.9999999999999998
2019-02-03,2,22,HUNT CLUB RD,KINGSTON RD,1,Major,0.9999999999999998
2019-03-09,2,37,BAY STREET  (523),LAKE SHORE BOULEVARD WEST,1,Minor,0.9999999999999998
2019-05-02,2,32,HORNER AVE,BROWN'S LINE,1,Major,0.9999999999999998
2019-06-01,4,37,LAWRENCE AVE W,BLACK CREEK,1,Major,0.9999999999999998
2019-06-01,4,57,LAWRENCE AVE W,BLACK CREEK,1,None,0.9999999999999998
2019-03-09,2,52,BAY STREET  (523),LAKE SHORE BOULEVARD WEST,1,Minor,0.9999999999999998
2019-10-19,2,22,MOSELLE DRIVE - ZONE 232,CABERNET CIRCLE - W/OF,1,None,0.9999999999999998
2019-07-26,23,27,VICTORIA PARK AV,ELLESMERE RD,1,None,0.9999999999999998
2019-07-26,23,32,VICTORIA PARK AV,ELLESMERE RD,1,Major,0.9999999999999998
2018-12-24,20,27,MARTIN GROVE RD,FINCH  AVE W,1,Minor,0.9999999999999998
2018-12-24,20,42,MARTIN GROVE RD,FINCH  AVE W,1,Minor,0.9999999999999998
2019-07-30,3,32,ELIZABETH ST.,GERRARD ST.W,1,None,0.9999999999999998
2019-09-04,17,52,SUNRISE AV,O'CONNOR DR,1,Major,0.9999999999999998
2019-09-04,17,52,SUNRISE AV,O'CONNOR DR,1,None,0.9999999999999998
2019-09-08,1,22,PORTLAND ST,KING ST W,1,None,0.9999999999999998
2019-09-08,1,47,PORTLAND ST,KING ST W,1,Major,0.9999999999999998
2019-09-24,3,22,HWY 401 W ON-RAMP,EGLINTON AV W,1,None,0.9999999999999998
